Fund Name:,SPDR® S&P 500® ETF Trust,,,,,,,
Ticker Symbol:,SPY,,,,,,,
Holdings:,As of 11/21/2019,,,,,,,
Name,Ticker,Identifier,SEDOL,Weight,Sector,Shares Held,Local Currency,
Microsoft Corporation,MSFT,59491810,2588173,4.424916,Information Technology,82949810.000,USD,
Apple Inc.,AAPL,03783310,2046251,4.315146,Information Technology,46149932.000,USD,
Amazon.com Inc.,AMZN,02313510,2000019,2.794432,Consumer Discretionary,4513985.000,USD,
Facebook Inc. Class A,FB,30303M10,B7TL820,1.846064,Communication Services,26135360.000,USD,
Berkshire Hathaway Inc. Class B,BRK.B,08467070,2073390,1.646844,Financials,21302336.000,USD,
JPMorgan Chase & Co.,JPM,46625H10,2190385,1.610674,Financials,34736940.000,USD,
Alphabet Inc. Class C,GOOG,02079K10,BYY88Y7,1.524602,Communication Services,3282886.000,USD,
Alphabet Inc. Class A,GOOGL,02079K30,BYVY8G0,1.509817,Communication Services,3254075.000,USD,
Johnson & Johnson,JNJ,47816010,2475833,1.396042,Health Care,28671490.000,USD,
Visa Inc. Class A,V,92826C83,B2PZN04,1.204436,Information Technology,18761604.000,USD,
Procter & Gamble Company,PG,74271810,2704407,1.167607,Consumer Staples,27188172.000,USD,
Exxon Mobil Corporation,XOM,30231G10,2326618,1.142851,Energy,45966070.000,USD,
Bank of America Corp,BAC,06050510,2295677,1.066610,Financials,91011416.000,USD,
AT&T Inc.,T,00206R10,2831811,1.065165,Communication Services,79382056.000,USD,
Walt Disney Company,DIS,25468710,2270726,1.025930,Communication Services,19569940.000,USD,
UnitedHealth Group Incorporated,UNH,91324P10,2917766,1.016813,Health Care,10302934.000,USD,
Intel Corporation,INTC,45814010,2463247,0.999920,Information Technology,48126764.000,USD,
Mastercard Incorporated Class A,MA,57636Q10,B121557,0.984546,Information Technology,9698924.000,USD,
Verizon Communications Inc.,VZ,92343V10,2090571,0.955849,Communication Services,44932816.000,USD,
Home Depot Inc.,HD,43707610,2434209,0.927884,Consumer Discretionary,11897512.000,USD,
Chevron Corporation,CVX,16676410,2838555,0.874154,Energy,20624086.000,USD,
Merck & Co. Inc.,MRK,58933Y10,2778844,0.848313,Health Care,27815496.000,USD,
Wells Fargo & Company,WFC,94974610,2649100,0.832581,Financials,43559150.000,USD,
Pfizer Inc.,PFE,71708110,2684703,0.809280,Health Care,60088388.000,USD,
Coca-Cola Company,KO,19121610,2206657,0.790169,Consumer Staples,41808590.000,USD,
Comcast Corporation Class A,CMCSA,20030N10,2044545,0.780029,Communication Services,49273384.000,USD,
Boeing Company,BA,09702310,2108601,0.759452,Industrials,5807525.000,USD,
Cisco Systems Inc.,CSCO,17275R10,2198163,0.738012,Information Technology,46120210.000,USD,
PepsiCo Inc.,PEP,71344810,2681511,0.726759,Consumer Staples,15207950.000,USD,
Walmart Inc.,WMT,93114210,2936921,0.660857,Consumer Staples,15449940.000,USD,
Citigroup Inc.,C,17296742,2297907,0.648273,Financials,24581396.000,USD,
Medtronic Plc,MDT,G5960L10,BTN1Y11,0.575643,Health Care,14599017.000,USD,
Abbott Laboratories,ABT,00282410,2002305,0.574309,Health Care,19231688.000,USD,
McDonald's Corporation,MCD,58013510,2550707,0.567240,Consumer Discretionary,8263580.000,USD,
Adobe Inc.,ADBE,00724F10,2008154,0.563132,Information Technology,5281086.000,USD,
salesforce.com inc.,CRM,79466L30,2310525,0.554695,Information Technology,9542886.000,USD,
Amgen Inc.,AMGN,03116210,2023607,0.530528,Health Care,6525445.000,USD,
Netflix Inc.,NFLX,64110L10,2857817,0.529927,Communication Services,4764162.000,USD,
Bristol-Myers Squibb Company,BMY,11012210,2126335,0.516493,Health Care,25458204.000,USD,
Costco Wholesale Corporation,COST,22160K10,2701271,0.512785,Consumer Staples,4785386.000,USD,
Philip Morris International Inc.,PM,71817210,B2PKRQ3,0.504235,Consumer Staples,16929668.000,USD,
NVIDIA Corporation,NVDA,67066G10,2379504,0.495606,Information Technology,6607515.000,USD,
AbbVie Inc.,ABBV,00287Y10,B92SR70,0.495185,Health Care,16037774.000,USD,
Honeywell International Inc.,HON,43851610,2020459,0.493216,Industrials,7829102.000,USD,
Broadcom Inc.,AVGO,11135F10,BDZ78H9,0.487302,Information Technology,4331480.000,USD,
Accenture Plc Class A,ACN,G1151C10,B4BNMY3,0.485922,Information Technology,6919574.000,USD,
Oracle Corporation,ORCL,68389X10,2661568,0.480735,Information Technology,23956936.000,USD,
Union Pacific Corporation,UNP,90781810,2914734,0.476383,Industrials,7664364.000,USD,
Thermo Fisher Scientific Inc.,TMO,88355610,2886907,0.474826,Health Care,4357993.000,USD,
PayPal Holdings Inc,PYPL,70450Y10,BYW36M8,0.468574,Information Technology,12803705.000,USD,
United Technologies Corporation,UTX,91301710,2915500,0.462587,Industrials,8800033.000,USD,
International Business Machines Corporation,IBM,45920010,2005973,0.460401,Information Technology,9639260.000,USD,
NIKE Inc. Class B,NKE,65410610,2640147,0.447902,Consumer Discretionary,13618645.000,USD,
NextEra Energy Inc.,NEE,65339F10,2328915,0.446289,Utilities,5318429.000,USD,
Linde plc,LIN,G5494J10,BZ12WP8,0.432876,Materials,5880881.000,USD,
Texas Instruments Incorporated,TXN,88250810,2885409,0.420809,Information Technology,10156555.000,USD,
General Electric Company,GE,36960410,2380498,0.389292,Industrials,94610570.000,USD,
Starbucks Corporation,SBUX,85524410,2842255,0.382543,Consumer Discretionary,13024880.000,USD,
Eli Lilly and Company,LLY,53245710,2516152,0.378564,Health Care,9244430.000,USD,
CVS Health Corporation,CVS,12665010,2577609,0.378454,Health Care,14151194.000,USD,
QUALCOMM Incorporated,QCOM,74752510,2714923,0.377017,Information Technology,12412914.000,USD,
Lockheed Martin Corporation,LMT,53983010,2522096,0.376604,Industrials,2704111.000,USD,
3M Company,MMM,88579Y10,2595708,0.368561,Industrials,6253886.000,USD,
American Tower Corporation,AMT,03027X10,B7FBFL2,0.367077,Real Estate,4816942.000,USD,
Danaher Corporation,DHR,23585110,2250870,0.354993,Health Care,6947544.000,USD,
Altria Group Inc,MO,02209S10,2692632,0.353627,Consumer Staples,20297446.000,USD,
Lowe's Companies Inc.,LOW,54866110,2536763,0.350720,Consumer Discretionary,8398359.000,USD,
U.S. Bancorp,USB,90297330,2736035,0.331267,Financials,15603714.000,USD,
Fidelity National Information Services Inc.,FIS,31620M10,2769796,0.325105,Information Technology,6675447.000,USD,
United Parcel Service Inc. Class B,UPS,91131210,2517382,0.324122,Industrials,7599081.000,USD,
Gilead Sciences Inc.,GILD,37555810,2369174,0.323587,Health Care,13794962.000,USD,
American Express Company,AXP,02581610,2026082,0.313773,Financials,7401027.000,USD,
Caterpillar Inc.,CAT,14912310,2180201,0.313183,Industrials,6121582.000,USD,
Booking Holdings Inc.,BKNG,09857L10,BDRXDB4,0.309250,Consumer Discretionary,462587.000,USD,
Charter Communications Inc. Class A,CHTR,16119P10,BZ6VT82,0.297998,Communication Services,1759274.000,USD,
Cigna Corporation,CI,12552310,BHJ0775,0.295189,Health Care,4110968.000,USD,
Anthem Inc.,ANTM,03675210,BSPHGL4,0.291695,Health Care,2782746.000,USD,
Mondelez International Inc. Class A,MDLZ,60920710,B8CKK03,0.291600,Consumer Staples,15692549.000,USD,
Automatic Data Processing Inc.,ADP,05301510,2065308,0.286254,Information Technology,4722310.000,USD,
CME Group Inc. Class A,CME,12572Q10,2965839,0.284800,Financials,3883669.000,USD,
TJX Companies Inc,TJX,87254010,2989301,0.277571,Consumer Discretionary,13156293.000,USD,
Goldman Sachs Group Inc.,GS,38141G10,2407966,0.274232,Financials,3521248.000,USD,
Intuit Inc.,INTU,46120210,2459020,0.273831,Information Technology,2829867.000,USD,
Chubb Limited,CB,H1467J10,B3BQMF6,0.265352,Financials,4958060.000,USD,
Dominion Energy Inc,D,25746U10,2542049,0.264970,Utilities,8943501.000,USD,
PNC Financial Services Group Inc.,PNC,69347510,2692665,0.262272,Financials,4844944.000,USD,
Becton Dickinson and Company,BDX,07588710,2087807,0.260022,Health Care,2926666.000,USD,
ConocoPhillips,COP,20825C10,2685717,0.259557,Energy,12079761.000,USD,
Intuitive Surgical Inc.,ISRG,46120E60,2871301,0.255430,Health Care,1251716.000,USD,
Southern Company,SO,84258710,2829601,0.254406,Utilities,11373434.000,USD,
Target Corporation,TGT,87612E10,2259101,0.253749,Consumer Discretionary,5570283.000,USD,
S&P Global Inc.,SPGI,78409V10,BYV2325,0.251725,Financials,2667937.000,USD,
Fiserv Inc.,FISV,33773810,2342034,0.251505,Information Technology,6177749.000,USD,
Stryker Corporation,SYK,86366710,2853688,0.250788,Health Care,3491405.000,USD,
Duke Energy Corporation,DUK,26441C20,B7VD3F2,0.244271,Utilities,7898528.000,USD,
Morgan Stanley,MS,61744644,2262314,0.238229,Financials,13668255.000,USD,
Allergan plc,AGN,G0177J10,BY9D546,0.235064,Health Care,3569342.000,USD,
Raytheon Company,RTN,75511150,2758051,0.232563,Industrials,3019689.000,USD,
Boston Scientific Corporation,BSX,10113710,2113434,0.228078,Health Care,15087646.000,USD,
Zoetis Inc. Class A,ZTS,98978V10,B95WG16,0.222179,Health Care,5178698.000,USD,
Colgate-Palmolive Company,CL,19416210,2209106,0.221995,Consumer Staples,9319359.000,USD,
Prologis Inc.,PLD,74340W10,B44WZD7,0.221711,Real Estate,6838412.000,USD,
BlackRock Inc.,BLK,09247X10,2494504,0.221243,Financials,1278318.000,USD,
Crown Castle International Corp,CCI,22822V10,BTGQCX1,0.217877,Real Estate,4507405.000,USD,
Charles Schwab Corporation,SCHW,80851310,2779397,0.216983,Financials,12659205.000,USD,
Deere & Company,DE,24419910,2261203,0.215181,Industrials,3425391.000,USD,
CSX Corporation,CSX,12640810,2160753,0.215099,Industrials,8685067.000,USD,
Vertex Pharmaceuticals Incorporated,VRTX,92532F10,2931034,0.214188,Health Care,2785105.000,USD,
Northrop Grumman Corporation,NOC,66680710,2648806,0.212822,Industrials,1712601.000,USD,
Marsh & McLennan Companies Inc.,MMC,57174810,2567741,0.210557,Financials,5507990.000,USD,
Global Payments Inc.,GPN,37940X10,2712013,0.207840,Information Technology,3264758.000,USD,
Biogen Inc.,BIIB,09062X10,2455965,0.206600,Health Care,2006958.000,USD,
Phillips 66,PSX,71854610,B78C4Y8,0.206169,Energy,4880632.000,USD,
Intercontinental Exchange Inc.,ICE,45866F10,BFSSDS9,0.204272,Financials,6096521.000,USD,
Applied Materials Inc.,AMAT,03822210,2046552,0.202455,Information Technology,10051607.000,USD,
Air Products and Chemicals Inc.,APD,00915810,2011602,0.202385,Materials,2386454.000,USD,
ServiceNow Inc.,NOW,81762P10,B80NXX8,0.202057,Information Technology,2028508.000,USD,
Illinois Tool Works Inc.,ITW,45230810,2457552,0.197312,Industrials,3202999.000,USD,
Edwards Lifesciences Corporation,EW,28176E10,2567116,0.196459,Health Care,2266879.000,USD,
Schlumberger NV,SLB,80685710,2779201,0.195909,Energy,14990932.000,USD,
Micron Technology Inc.,MU,59511210,2588184,0.195587,Information Technology,12032169.000,USD,
Norfolk Southern Corporation,NSC,65584410,2641894,0.194922,Industrials,2865551.000,USD,
DuPont de Nemours Inc.,DD,26614N10,BK0VN47,0.190558,Materials,8128687.000,USD,
Equinix Inc.,EQIX,29444U70,BVLZX12,0.184498,Real Estate,922921.000,USD,
Aon plc,AON,G0408V10,B5BT0K0,0.182056,Financials,2566146.000,USD,
Sherwin-Williams Company,SHW,82434810,2804211,0.181276,Materials,893426.000,USD,
Walgreens Boots Alliance Inc,WBA,93142710,BTN1Y44,0.178584,Consumer Staples,8255039.000,USD,
Ecolab Inc.,ECL,27886510,2304227,0.177922,Materials,2724116.000,USD,
Kimberly-Clark Corporation,KMB,49436810,2491839,0.177885,Consumer Staples,3737713.000,USD,
Illumina Inc.,ILMN,45232710,2613990,0.177502,Health Care,1589864.000,USD,
Humana Inc.,HUM,44485910,2445063,0.176943,Health Care,1464894.000,USD,
Capital One Financial Corporation,COF,14040H10,2654461,0.176347,Financials,5106461.000,USD,
American International Group Inc.,AIG,02687478,2027342,0.175808,Financials,9435811.000,USD,
Emerson Electric Co.,EMR,29101110,2313405,0.175044,Industrials,6668045.000,USD,
Simon Property Group Inc.,SPG,82880610,2812452,0.174705,Real Estate,3341426.000,USD,
American Electric Power Company Inc.,AEP,02553710,2026242,0.173408,Utilities,5335640.000,USD,
L3Harris Technologies Inc,LHX,50243110,BK9DTN5,0.172592,Industrials,2429579.000,USD,
General Motors Company,GM,37045V10,B665KZ5,0.169151,Consumer Discretionary,13671407.000,USD,
Waste Management Inc.,WM,94106L10,2937667,0.168588,Industrials,4247911.000,USD,
Exelon Corporation,EXC,30161N10,2670519,0.167249,Utilities,10557782.000,USD,
Advanced Micro Devices Inc.,AMD,00790310,2007849,0.166593,Information Technology,11812291.000,USD,
General Dynamics Corporation,GD,36955010,2365161,0.166234,Industrials,2546128.000,USD,
Estee Lauder Companies Inc. Class A,EL,51843910,2320524,0.165565,Consumer Staples,2407083.000,USD,
EOG Resources Inc.,EOG,26875P10,2318024,0.164634,Energy,6292012.000,USD,
Baxter International Inc.,BAX,07181310,2085102,0.163070,Health Care,5555614.000,USD,
Bank of New York Mellon Corporation,BK,06405810,B1Z77F6,0.161788,Financials,9334069.000,USD,
Marathon Petroleum Corporation,MPC,56585A10,B3K3L40,0.161627,Energy,7161688.000,USD,
BB&T Corporation,BBT,05493710,2830904,0.161004,Financials,8327034.000,USD,
Dollar General Corporation,DG,25667710,B5B1S13,0.160463,Consumer Discretionary,2796646.000,USD,
Activision Blizzard Inc.,ATVI,00507V10,2575818,0.159595,Communication Services,8329492.000,USD,
Valero Energy Corporation,VLO,91913Y10,2041364,0.158320,Energy,4508072.000,USD,
Ross Stores Inc.,ROST,77829610,2746711,0.158276,Consumer Discretionary,3967403.000,USD,
Progressive Corporation,PGR,74331510,2705024,0.157962,Financials,6315254.000,USD,
Sysco Corporation,SYY,87182910,2868165,0.157863,Consumer Staples,5583914.000,USD,
Analog Devices Inc.,ADI,03265410,2032067,0.156078,Information Technology,4020553.000,USD,
Dow Inc.,DOW,26055710,BHXCF84,0.155463,Materials,8085251.000,USD,
Sempra Energy,SRE,81685110,2138158,0.155297,Utilities,2964352.000,USD,
Aflac Incorporated,AFL,00105510,2026361,0.154841,Financials,8054364.000,USD,
Kinder Morgan Inc Class P,KMI,49456B10,B3NQ4P8,0.151522,Energy,21060966.000,USD,
MetLife Inc.,MET,59156R10,2573209,0.151360,Financials,8661147.000,USD,
Lam Research Corporation,LRCX,51280710,2502247,0.148114,Information Technology,1572714.000,USD,
Eaton Corp. Plc,ETN,G2918310,B8KQN82,0.147013,Industrials,4569136.000,USD,
Prudential Financial Inc.,PRU,74432010,2819118,0.146019,Financials,4373327.000,USD,
HCA Healthcare Inc,HCA,40412C10,B4MGBG6,0.143492,Health Care,2886705.000,USD,
Roper Technologies Inc.,ROP,77669610,2749602,0.142635,Industrials,1128998.000,USD,
Moody's Corporation,MCO,61536910,2252058,0.141579,Financials,1770002.000,USD,
Marriott International Inc. Class A,MAR,57190320,2210614,0.141133,Consumer Discretionary,2973971.000,USD,
FedEx Corporation,FDX,31428X10,2142784,0.140924,Industrials,2596610.000,USD,
Allstate Corporation,ALL,02000210,2019952,0.140860,Financials,3581776.000,USD,
Autodesk Inc.,ADSK,05276910,2065159,0.140679,Information Technology,2388394.000,USD,
Travelers Companies Inc.,TRV,89417E10,2769503,0.136567,Financials,2841211.000,USD,
Cognizant Technology Solutions Corporation Class A,CTSH,19244610,2257019,0.135973,Information Technology,6009778.000,USD,
Occidental Petroleum Corporation,OXY,67459910,2655408,0.135486,Energy,9704836.000,USD,
Ford Motor Company,F,34537086,2615468,0.132440,Consumer Discretionary,42608256.000,USD,
Welltower Inc.,WELL,95040Q10,BYVYHH4,0.131204,Real Estate,4403062.000,USD,
Johnson Controls International plc,JCI,G5150210,BY7QL61,0.130400,Industrials,8652654.000,USD,
O'Reilly Automotive Inc.,ORLY,67103H10,B65LWX6,0.129230,Consumer Discretionary,832585.000,USD,
Xcel Energy Inc.,XEL,98389B10,2614807,0.125632,Utilities,5705706.000,USD,
Delta Air Lines Inc.,DAL,24736170,B1W9D46,0.124292,Industrials,6297010.000,USD,
Public Storage,PSA,74460D10,2852533,0.122118,Real Estate,1623002.000,USD,
General Mills Inc.,GIS,37033410,2367026,0.121607,Consumer Staples,6510546.000,USD,
Ingersoll-Rand Plc,IR,G4779110,B633030,0.121201,Industrials,2623204.000,USD,
Newmont Goldcorp Corporation,NEM,65163910,2636607,0.121144,Materials,8884233.000,USD,
Constellation Brands Inc. Class A,STZ,21036P10,2170473,0.121075,Consumer Staples,1817880.000,USD,
SunTrust Banks Inc.,STI,86791410,2860990,0.119920,Financials,4793646.000,USD,
TE Connectivity Ltd.,TEL,H8498910,B62B7C3,0.118744,Information Technology,3662518.000,USD,
Public Service Enterprise Group Inc,PEG,74457310,2707677,0.118476,Utilities,5467521.000,USD,
Amphenol Corporation Class A,APH,03209510,2145084,0.117979,Information Technology,3248137.000,USD,
Yum! Brands Inc.,YUM,98849810,2098876,0.115788,Consumer Discretionary,3314170.000,USD,
PPG Industries Inc.,PPG,69350610,2698470,0.115131,Materials,2566953.000,USD,
Equity Residential,EQR,29476L10,2319157,0.115128,Real Estate,3793155.000,USD,
AvalonBay Communities Inc.,AVB,05348410,2131179,0.115072,Real Estate,1516064.000,USD,
ONEOK Inc.,OKE,68268010,2130109,0.114022,Energy,4473644.000,USD,
Electronic Arts Inc.,EA,28551210,2310194,0.113280,Communication Services,3206028.000,USD,
HP Inc.,HPQ,40434L10,BYX4D52,0.113074,Information Technology,16124814.000,USD,
Zimmer Biomet Holdings Inc.,ZBH,98956P10,2783815,0.112304,Health Care,2211172.000,USD,
Consolidated Edison Inc.,ED,20911510,2216850,0.111990,Utilities,3614543.000,USD,
IHS Markit Ltd.,INFO,G4756710,BD0Q558,0.111550,Industrials,4364426.000,USD,
Cummins Inc.,CMI,23102110,2240202,0.110788,Industrials,1716883.000,USD,
AutoZone Inc.,AZO,05333210,2065955,0.110651,Consumer Discretionary,266731.000,USD,
TransDigm Group Incorporated,TDG,89364110,B11FJK3,0.110482,Industrials,540164.000,USD,
Hilton Worldwide Holdings Inc,HLT,43300A20,BYVMW06,0.110342,Consumer Discretionary,3120670.000,USD,
T. Rowe Price Group,TROW,74144T10,2702337,0.110133,Financials,2571118.000,USD,
McKesson Corporation,MCK,58155Q10,2378534,0.109322,Health Care,2011944.000,USD,
Regeneron Pharmaceuticals Inc.,REGN,75886F10,2730190,0.108840,Health Care,869452.000,USD,
WEC Energy Group Inc,WEC,92939U10,BYY8XK8,0.107530,Utilities,3411268.000,USD,
eBay Inc.,EBAY,27864210,2293819,0.106977,Consumer Discretionary,8579504.000,USD,
V.F. Corporation,VFC,91820410,2928683,0.106819,Consumer Discretionary,3529778.000,USD,
PACCAR Inc,PCAR,69371810,2665861,0.106561,Industrials,3742341.000,USD,
Williams Companies Inc.,WMB,96945710,2967181,0.106527,Energy,13098174.000,USD,
Southwest Airlines Co.,LUV,84474110,2831543,0.106285,Industrials,5262883.000,USD,
State Street Corporation,STT,85747710,2842040,0.105704,Financials,4056985.000,USD,
Motorola Solutions Inc.,MSI,62007630,B5BKPQ4,0.105533,Information Technology,1791601.000,USD,
Paychex Inc.,PAYX,70432610,2674458,0.104955,Information Technology,3461643.000,USD,
SBA Communications Corp. Class A,SBAC,78410G10,BZ6TS23,0.104075,Real Estate,1226849.000,USD,
Discover Financial Services,DFS,25470910,B1YLC43,0.102469,Financials,3462784.000,USD,
Eversource Energy,ES,30040W10,BVVN4Q8,0.102448,Utilities,3491550.000,USD,
IQVIA Holdings Inc,IQV,46266C10,BDR73G1,0.101502,Health Care,1982342.000,USD,
Tyson Foods Inc. Class A,TSN,90249410,2909730,0.101280,Consumer Staples,3205728.000,USD,
KLA Corporation,KLAC,48248010,2480138,0.099900,Information Technology,1732391.000,USD,
Dollar Tree Inc.,DLTR,25674610,2272476,0.099218,Consumer Discretionary,2574431.000,USD,
Edison International,EIX,28102010,2829515,0.098741,Utilities,3896470.000,USD,
FleetCor Technologies Inc.,FLT,33904110,B4R28B3,0.098510,Information Technology,934879.000,USD,
Parker-Hannifin Corporation,PH,70109410,2671501,0.097937,Industrials,1394565.000,USD,
FirstEnergy Corp.,FE,33793210,2100920,0.097797,Utilities,5875701.000,USD,
Digital Realty Trust Inc.,DLR,25386810,B03GQS4,0.096140,Real Estate,2247990.000,USD,
Centene Corporation,CNC,15135B10,2807061,0.095205,Health Care,4469427.000,USD,
T-Mobile US Inc.,TMUS,87259010,B94Q9V0,0.094998,Communication Services,3425982.000,USD,
Alexion Pharmaceuticals Inc.,ALXN,01535110,2036070,0.094996,Health Care,2430340.000,USD,
Willis Towers Watson Public Limited Company,WLTW,G9662910,BDB6Q21,0.094644,Financials,1396348.000,USD,
PPL Corporation,PPL,69351T10,2680905,0.094295,Utilities,7847599.000,USD,
Agilent Technologies Inc.,A,00846U10,2520153,0.094092,Health Care,3367313.000,USD,
LyondellBasell Industries NV,LYB,N5374510,B3SPXZ3,0.093564,Materials,2808899.000,USD,
Realty Income Corporation,O,75610910,2724193,0.093459,Real Estate,3423382.000,USD,
Archer-Daniels-Midland Company,ADM,03948310,2047317,0.092701,Consumer Staples,6066389.000,USD,
Verisk Analytics Inc,VRSK,92345Y10,B4P9W92,0.091446,Industrials,1773946.000,USD,
Stanley Black & Decker Inc.,SWK,85450210,B3Q2FJ4,0.090892,Industrials,1642241.000,USD,
Entergy Corporation,ETR,29364G10,2317087,0.089484,Utilities,2163500.000,USD,
Twitter Inc.,TWTR,90184L10,BFLR866,0.089422,Communication Services,8411336.000,USD,
Northern Trust Corporation,NTRS,66585910,2648668,0.089107,Financials,2337733.000,USD,
Xilinx Inc.,XLNX,98391910,2985677,0.088847,Information Technology,2752191.000,USD,
Rockwell Automation Inc.,ROK,77390310,2754060,0.088683,Industrials,1273016.000,USD,
Aptiv PLC,APTV,G6095L10,B783TY6,0.088509,Consumer Discretionary,2787002.000,USD,
Monster Beverage Corporation,MNST,61174X10,BZ07BW4,0.087713,Consumer Staples,4208673.000,USD,
DTE Energy Company,DTE,23333110,2280220,0.087430,Utilities,1985834.000,USD,
Synchrony Financial,SYF,87165B10,BP96PS6,0.087151,Financials,6641611.000,USD,
IDEXX Laboratories Inc.,IDXX,45168D10,2459202,0.086704,Health Care,931988.000,USD,
Corning Inc,GLW,21935010,2224701,0.086697,Information Technology,8509213.000,USD,
Hewlett Packard Enterprise Co.,HPE,42824C10,BYVYWS0,0.086593,Information Technology,14206532.000,USD,
Hartford Financial Services Group Inc.,HIG,41651510,2476193,0.086172,Financials,3918026.000,USD,
AMETEK Inc.,AME,03110010,2089212,0.086000,Industrials,2462310.000,USD,
Ball Corporation,BLL,05849810,2073022,0.085278,Materials,3611885.000,USD,
Pioneer Natural Resources Company,PXD,72378710,2690830,0.085175,Energy,1825572.000,USD,
Hershey Company,HSY,42786610,2422806,0.084771,Consumer Staples,1620898.000,USD,
Cerner Corporation,CERN,15678210,2185284,0.084636,Health Care,3463764.000,USD,
M&T Bank Corporation,MTB,55261F10,2340168,0.084633,Financials,1454579.000,USD,
Fifth Third Bancorp,FITB,31677310,2336747,0.084024,Financials,7906282.000,USD,
Weyerhaeuser Company,WY,96216610,2958936,0.083461,Real Estate,8056156.000,USD,
American Water Works Company Inc.,AWK,03042010,B2R3PV1,0.083386,Utilities,1957954.000,USD,
Microchip Technology Incorporated,MCHP,59501710,2592174,0.083244,Information Technology,2563344.000,USD,
MSCI Inc. Class A,MSCI,55354G10,B2972D2,0.083184,Financials,911879.000,USD,
Kroger Co.,KR,50104410,2497406,0.082801,Consumer Staples,8689920.000,USD,
Ventas Inc.,VTR,92276F10,2927925,0.082408,Real Estate,4016705.000,USD,
Cintas Corporation,CTAS,17290810,2197137,0.081739,Industrials,903068.000,USD,
Fortive Corp.,FTV,34959J10,BYT3MK1,0.081171,Industrials,3206756.000,USD,
ResMed Inc.,RMD,76115210,2732903,0.080932,Health Care,1549712.000,USD,
Ameriprise Financial Inc.,AMP,03076C10,B0J7D57,0.080308,Financials,1423824.000,USD,
Las Vegas Sands Corp.,LVS,51783410,B02T2J7,0.080271,Consumer Discretionary,3727141.000,USD,
ANSYS Inc.,ANSS,03662Q10,2045623,0.080256,Information Technology,912779.000,USD,
Synopsys Inc.,SNPS,87160710,2867719,0.080155,Information Technology,1618550.000,USD,
Essex Property Trust Inc.,ESS,29717810,2316619,0.080056,Real Estate,711598.000,USD,
McCormick & Company Incorporated,MKC,57978020,2550161,0.078772,Consumer Staples,1326281.000,USD,
Royal Caribbean Cruises Ltd.,RCL,V7780T10,2754907,0.078667,Consumer Discretionary,1857255.000,USD,
United Airlines Holdings Inc.,UAL,91004710,B4QG225,0.078012,Industrials,2403031.000,USD,
Fastenal Company,FAST,31190010,2332262,0.077726,Industrials,6198060.000,USD,
CDW Corp.,CDW,12514G10,BBM5MD6,0.077317,Information Technology,1574638.000,USD,
VeriSign Inc.,VRSN,92343E10,2142922,0.076796,Information Technology,1137689.000,USD,
Keysight Technologies Inc,KEYS,49338L10,BQZJ0Q9,0.076738,Information Technology,2033398.000,USD,
Align Technology Inc.,ALGN,01625510,2679204,0.076651,Health Care,789260.000,USD,
Chipotle Mexican Grill Inc.,CMG,16965610,B0X7DZ3,0.076614,Consumer Discretionary,277564.000,USD,
Boston Properties Inc.,BXP,10112110,2019479,0.076331,Real Estate,1564104.000,USD,
KeyCorp,KEY,49326710,2490911,0.074364,Financials,10910020.000,USD,
Cadence Design Systems Inc.,CDNS,12738710,2302232,0.073269,Information Technology,3055895.000,USD,
Corteva Inc,CTVA,22052L10,BK73B42,0.072844,Materials,8129067.000,USD,
Kraft Heinz Company,KHC,50075410,BYRY499,0.072689,Consumer Staples,6735631.000,USD,
Vulcan Materials Company,VMC,92916010,2931205,0.072075,Materials,1436158.000,USD,
CBRE Group Inc. Class A,CBRE,12504L10,B6WVMH3,0.071545,Real Estate,3659752.000,USD,
Republic Services Inc.,RSG,76075910,2262530,0.071298,Industrials,2303037.000,USD,
Ameren Corporation,AEE,02360810,2050832,0.070998,Utilities,2645928.000,USD,
Halliburton Company,HAL,40621610,2405302,0.070978,Energy,9412823.000,USD,
Clorox Company,CLX,18905410,2204026,0.070792,Consumer Staples,1367880.000,USD,
First Republic Bank,FRC,33616C10,B4WHY15,0.070423,Financials,1830412.000,USD,
D.R. Horton Inc.,DHI,23331A10,2250687,0.070279,Consumer Discretionary,3653019.000,USD,
Alexandria Real Estate Equities Inc.,ARE,01527110,2009210,0.069212,Real Estate,1219692.000,USD,
Copart Inc.,CPRT,21720410,2208073,0.068513,Industrials,2185364.000,USD,
CMS Energy Corporation,CMS,12589610,2219224,0.068204,Utilities,3085058.000,USD,
International Paper Company,IP,46014610,2465254,0.068155,Materials,4273449.000,USD,
Mettler-Toledo International Inc.,MTD,59268810,2126249,0.067686,Health Care,269005.000,USD,
Hess Corporation,HES,42809H10,2023748,0.067243,Energy,2816118.000,USD,
Carnival Corporation,CCL,14365830,2523044,0.066336,Consumer Discretionary,4320910.000,USD,
Citizens Financial Group Inc.,CFG,17461010,BQRX1X3,0.066166,Financials,4865072.000,USD,
Arthur J. Gallagher & Co.,AJG,36357610,2359506,0.065996,Financials,2007932.000,USD,
Omnicom Group Inc,OMC,68191910,2279303,0.065823,Communication Services,2366209.000,USD,
Healthpeak Properties Inc.,PEAK,42250P10,BJBLRK3,0.065487,Real Estate,5343798.000,USD,
Church & Dwight Co. Inc.,CHD,17134010,2195841,0.065461,Consumer Staples,2659986.000,USD,
Lennar Corporation Class A,LEN,52605710,2511920,0.065252,Consumer Discretionary,3093840.000,USD,
Best Buy Co. Inc.,BBY,08651610,2094670,0.064948,Consumer Discretionary,2520375.000,USD,
Skyworks Solutions Inc.,SWKS,83088M10,2961053,0.064600,Information Technology,1877610.000,USD,
Equifax Inc.,EFX,29442910,2319146,0.064377,Industrials,1307296.000,USD,
Laboratory Corporation of America Holdings,LH,50540R40,2586122,0.064357,Health Care,1062696.000,USD,
MGM Resorts International,MGM,55295310,2547419,0.064185,Consumer Discretionary,5673717.000,USD,
Nucor Corporation,NUE,67034610,2651086,0.064133,Materials,3313263.000,USD,
Regions Financial Corporation,RF,7591EP10,B01R311,0.063875,Financials,10854430.000,USD,
CarMax Inc.,KMX,14313010,2983563,0.063325,Consumer Discretionary,1807366.000,USD,
Cardinal Health Inc.,CAH,14149Y10,2175672,0.063144,Health Care,3207178.000,USD,
Martin Marietta Materials Inc.,MLM,57328410,2572079,0.062980,Materials,677522.000,USD,
Teleflex Incorporated,TFX,87936910,2881407,0.062854,Health Care,501813.000,USD,
Kellogg Company,K,48783610,2486813,0.062517,Consumer Staples,2706769.000,USD,
Cincinnati Financial Corporation,CINF,17206210,2196888,0.062448,Financials,1649431.000,USD,
Amcor PLC,AMCR,G0250X10,BJ1F307,0.062351,Materials,17648306.000,USD,
WellCare Health Plans Inc.,WCG,94946T10,B01R258,0.062349,Health Care,547019.000,USD,
Freeport-McMoRan Inc.,FCX,35671D85,2352118,0.061966,Materials,15770920.000,USD,
Dover Corporation,DOV,26000310,2278407,0.061507,Industrials,1579765.000,USD,
Incyte Corporation,INCY,45337C10,2471950,0.060620,Health Care,1921574.000,USD,
Mid-America Apartment Communities Inc.,MAA,59522J10,2589132,0.059611,Real Estate,1233856.000,USD,
Celanese Corporation,CE,15087010,B05MZT4,0.059512,Materials,1346276.000,USD,
Kansas City Southern,KSU,48517030,2607647,0.059497,Industrials,1090607.000,USD,
Huntington Bancshares Incorporated,HBAN,44615010,2445966,0.059189,Financials,11290403.000,USD,
Evergy Inc.,EVRG,30034W10,BFMXGR0,0.059186,Utilities,2562146.000,USD,
Cooper Companies Inc.,COO,21664840,2222631,0.058330,Health Care,533296.000,USD,
Maxim Integrated Products Inc.,MXIM,57772K10,2573760,0.058059,Information Technology,2961775.000,USD,
Genuine Parts Company,GPC,37246010,2367480,0.057870,Consumer Discretionary,1581138.000,USD,
MarketAxess Holdings Inc.,MKTX,57060D10,B03Q9D0,0.057592,Financials,409716.000,USD,
Baker Hughes Company Class A,BKR,05722G10,BDHLTQ5,0.056997,Energy,7070212.000,USD,
Fortinet Inc.,FTNT,34959E10,B5B2106,0.056764,Information Technology,1543995.000,USD,
International Flavors & Fragrances Inc.,IFF,45950610,2464165,0.056754,Materials,1161847.000,USD,
Waters Corporation,WAT,94184810,2937689,0.056444,Health Care,726464.000,USD,
Concho Resources Inc.,CXO,20605P10,B1YWRK7,0.056405,Energy,2172292.000,USD,
Westinghouse Air Brake Technologies Corporation,WAB,92974010,2955733,0.056143,Industrials,1981648.000,USD,
NetApp Inc.,NTAP,64110D10,2630643,0.056075,Information Technology,2588655.000,USD,
Akamai Technologies Inc.,AKAM,00971T10,2507457,0.055581,Information Technology,1778550.000,USD,
CenturyLink Inc.,CTL,15670010,2185046,0.055289,Communication Services,10432863.000,USD,
Garmin Ltd.,GRMN,H2906T10,B3Z5T14,0.055024,Consumer Discretionary,1572036.000,USD,
Seagate Technology PLC,STX,G7945M10,B58JVZ5,0.054682,Information Technology,2576139.000,USD,
Gartner Inc.,IT,36665110,2372763,0.054500,Information Technology,966200.000,USD,
Principal Financial Group Inc.,PFG,74251V10,2803014,0.054499,Financials,2810369.000,USD,
UDR Inc.,UDR,90265310,2727910,0.054411,Real Estate,3186413.000,USD,
Western Digital Corporation,WDC,95810210,2954699,0.054383,Information Technology,3185419.000,USD,
NortonLifeLock Inc.,NLOK,66877110,BJN4XN5,0.054241,Information Technology,6187369.000,USD,
Citrix Systems Inc.,CTXS,17737610,2182553,0.054091,Information Technology,1338509.000,USD,
Quest Diagnostics Incorporated,DGX,74834L10,2702791,0.054070,Health Care,1445044.000,USD,
Broadridge Financial Solutions Inc.,BR,11133T10,B1VP7R6,0.053835,Information Technology,1243126.000,USD,
Xylem Inc.,XYL,98419M10,B3P2CN8,0.053737,Industrials,1944716.000,USD,
Darden Restaurants Inc.,DRI,23719410,2289874,0.053691,Consumer Discretionary,1325669.000,USD,
W.W. Grainger Inc.,GWW,38480210,2380863,0.053631,Industrials,480701.000,USD,
Cboe Global Markets Inc,CBOE,12503M10,B5834C5,0.053215,Financials,1210867.000,USD,
Take-Two Interactive Software Inc.,TTWO,87405410,2122117,0.053183,Communication Services,1216155.000,USD,
Conagra Brands Inc.,CAG,20588710,2215460,0.053039,Consumer Staples,5266640.000,USD,
Tiffany & Co.,TIF,88654710,2892090,0.052657,Consumer Discretionary,1166432.000,USD,
Ulta Beauty Inc,ULTA,90384S30,B28TS42,0.052211,Consumer Discretionary,640308.000,USD,
AmerisourceBergen Corporation,ABC,03073E10,2795393,0.052141,Health Care,1654500.000,USD,
Extra Space Storage Inc.,EXR,30225T10,B02HWR9,0.051980,Real Estate,1378791.000,USD,
Masco Corporation,MAS,57459910,2570200,0.051826,Industrials,3148823.000,USD,
Hologic Inc.,HOLX,43644010,2433530,0.051387,Health Care,2908964.000,USD,
Loews Corporation,L,54042410,2523022,0.050944,Financials,2829622.000,USD,
Expedia Group Inc.,EXPE,30212P30,B748CK2,0.050818,Consumer Discretionary,1503705.000,USD,
FMC Corporation,FMC,30249130,2328603,0.049905,Materials,1428282.000,USD,
DENTSPLY SIRONA Inc.,XRAY,24906P10,BYNPPC6,0.049703,Health Care,2439167.000,USD,
Expeditors International of Washington Inc.,EXPD,30213010,2325507,0.049685,Industrials,1863426.000,USD,
CBS Corporation Class B,CBS,12485720,B0SRLH6,0.049536,Communication Services,3561015.000,USD,
Jacobs Engineering Group Inc.,JEC,46981410,2469052,0.049085,Industrials,1474359.000,USD,
Atmos Energy Corporation,ATO,04956010,2315359,0.048763,Utilities,1264739.000,USD,
Alliant Energy Corp,LNT,01880210,2973821,0.048711,Utilities,2557070.000,USD,
Fox Corporation Class A,FOXA,35137L10,BJJMGL2,0.048618,Communication Services,3816121.000,USD,
Duke Realty Corporation,DRE,26441150,2284084,0.048278,Real Estate,3890813.000,USD,
NVR Inc.,NVR,62944T10,2637785,0.048178,Consumer Discretionary,36830.000,USD,
Diamondback Energy Inc.,FANG,25278X10,B7Y8YR3,0.047846,Energy,1774130.000,USD,
Brown-Forman Corporation Class B,BF.B,11563720,2146838,0.047525,Consumer Staples,1980575.000,USD,
Host Hotels & Resorts Inc.,HST,44107P10,2567503,0.047493,Real Estate,7940526.000,USD,
CenterPoint Energy Inc.,CNP,15189T10,2440637,0.047468,Utilities,5420280.000,USD,
AES Corporation,AES,00130H10,2002479,0.047356,Utilities,7172964.000,USD,
Leidos Holdings Inc.,LDOS,52532710,BDV82B8,0.047270,Information Technology,1470946.000,USD,
Nasdaq Inc.,NDAQ,63110310,2965107,0.047158,Financials,1261640.000,USD,
Lamb Weston Holdings Inc.,LW,51327210,BDQZFJ3,0.046924,Consumer Staples,1587274.000,USD,
IDEX Corporation,IEX,45167R10,2456612,0.046687,Industrials,812885.000,USD,
Qorvo Inc.,QRVO,74736K10,BR9YYP4,0.046650,Information Technology,1295541.000,USD,
Arconic Inc.,ARNC,03965L10,BD3D9G5,0.046034,Industrials,4214156.000,USD,
Varian Medical Systems Inc.,VAR,92220P10,2927516,0.045846,Health Care,988437.000,USD,
J.M. Smucker Company,SJM,83269640,2951452,0.045806,Consumer Staples,1232419.000,USD,
SVB Financial Group,SIVB,78486Q10,2808053,0.045751,Financials,562458.000,USD,
United Rentals Inc.,URI,91136310,2134781,0.045681,Industrials,839545.000,USD,
Hormel Foods Corporation,HRL,44045210,2437264,0.044987,Consumer Staples,2950860.000,USD,
Tractor Supply Company,TSCO,89235610,2900335,0.044822,Consumer Discretionary,1297497.000,USD,
Norwegian Cruise Line Holdings Ltd.,NCLH,G6672110,B9CGTC3,0.044788,Consumer Discretionary,2349386.000,USD,
Lincoln National Corporation,LNC,53418710,2516378,0.044511,Financials,2177893.000,USD,
Western Union Company,WU,95980210,B1F76F9,0.044481,Information Technology,4611309.000,USD,
Universal Health Services Inc. Class B,UHS,91390310,2923785,0.044331,Health Care,883590.000,USD,
Wynn Resorts Limited,WYNN,98313410,2963811,0.044223,Consumer Discretionary,1047063.000,USD,
Jack Henry & Associates Inc.,JKHY,42628110,2469193,0.044034,Information Technology,828912.000,USD,
Advance Auto Parts Inc.,AAP,00751Y10,2822019,0.043972,Consumer Discretionary,778223.000,USD,
Allegion PLC,ALLE,G0176J10,BFRT3W7,0.042997,Industrials,1016575.000,USD,
Avery Dennison Corporation,AVY,05361110,2066408,0.042981,Materials,915758.000,USD,
American Airlines Group Inc.,AAL,02376R10,BCV7KT2,0.042809,Industrials,4294942.000,USD,
Hasbro Inc.,HAS,41805610,2414580,0.042548,Consumer Discretionary,1249500.000,USD,
Raymond James Financial Inc.,RJF,75473010,2718992,0.042291,Financials,1344380.000,USD,
LKQ Corporation,LKQ,50188920,2971029,0.041747,Consumer Discretionary,3352872.000,USD,
Eastman Chemical Company,EMN,27743210,2298386,0.041730,Materials,1507479.000,USD,
Everest Re Group Ltd.,RE,G3223R10,2556868,0.041664,Financials,437104.000,USD,
Regency Centers Corporation,REG,75884910,2726177,0.041384,Real Estate,1813654.000,USD,
Textron Inc.,TXT,88320310,2885937,0.041294,Industrials,2503498.000,USD,
Arista Networks Inc.,ANET,04041310,BN33VM5,0.040569,Information Technology,592094.000,USD,
Packaging Corporation of America,PKG,69515610,2504566,0.040456,Materials,1024356.000,USD,
Huntington Ingalls Industries Inc.,HII,44641310,B40SSC9,0.040326,Industrials,450680.000,USD,
Discovery Inc. Class C,DISCK,25470F30,B3D7KG4,0.040262,Communication Services,3774555.000,USD,
Comerica Incorporated,CMA,20034010,2212870,0.040042,Financials,1624738.000,USD,
Henry Schein Inc.,HSIC,80640710,2416962,0.039879,Health Care,1632760.000,USD,
C.H. Robinson Worldwide Inc.,CHRW,12541W20,2116228,0.039523,Industrials,1484567.000,USD,
Globe Life Inc.,GL,37959E10,BK6YKG1,0.039105,Financials,1092082.000,USD,
Vornado Realty Trust,VNO,92904210,2933632,0.038880,Real Estate,1723329.000,USD,
PulteGroup Inc.,PHM,74586710,2708841,0.038861,Consumer Discretionary,2793607.000,USD,
Noble Energy Inc.,NBL,65504410,2640761,0.038858,Energy,5237465.000,USD,
PerkinElmer Inc.,PKI,71404610,2305844,0.038853,Health Care,1200503.000,USD,
NRG Energy Inc.,NRG,62937750,2212922,0.038509,Utilities,2752760.000,USD,
CF Industries Holdings Inc.,CF,12526910,B0G4K50,0.038481,Materials,2375097.000,USD,
J.B. Hunt Transport Services Inc.,JBHT,44565810,2445416,0.038408,Industrials,929339.000,USD,
Molson Coors Brewing Company Class B,TAP,60871R20,B067BM3,0.038167,Consumer Staples,2035233.000,USD,
WestRock Company,WRK,96145D10,BYR0914,0.038101,Materials,2786169.000,USD,
Pinnacle West Capital Corporation,PNW,72348410,2048804,0.038017,Utilities,1220690.000,USD,
NiSource Inc,NI,65473P10,2645409,0.037702,Utilities,4029228.000,USD,
Iron Mountain Inc.,IRM,46284V10,BVFTF03,0.037229,Real Estate,3109457.000,USD,
Marathon Oil Corporation,MRO,56584910,2910970,0.037115,Energy,8747050.000,USD,
E*TRADE Financial Corporation,ETFC,26924640,2299011,0.036560,Financials,2463874.000,USD,
DXC Technology Co.,DXC,23355L10,BYXD7B3,0.036217,Information Technology,2849889.000,USD,
Devon Energy Corporation,DVN,25179M10,2480677,0.035729,Energy,4396973.000,USD,
Federal Realty Investment Trust,FRT,31374720,2333931,0.035203,Real Estate,758450.000,USD,
Whirlpool Corporation,WHR,96332010,2960384,0.034640,Consumer Discretionary,681601.000,USD,
Mylan N.V.,MYL,N5946510,BVFMFG8,0.034633,Health Care,5587002.000,USD,
Kimco Realty Corporation,KIM,49446R10,2491594,0.034424,Real Estate,4520186.000,USD,
Snap-on Incorporated,SNA,83303410,2818740,0.034066,Industrials,604248.000,USD,
Fortune Brands Home & Security Inc.,FBHS,34964C10,B3MC7D6,0.033936,Industrials,1520054.000,USD,
BorgWarner Inc.,BWA,09972410,2111955,0.033820,Consumer Discretionary,2234607.000,USD,
Zions Bancorporation N.A.,ZION,98970110,2989828,0.033761,Financials,1925218.000,USD,
Apache Corporation,APA,03741110,2043962,0.033700,Energy,4066835.000,USD,
Juniper Networks Inc.,JNPR,48203R10,2431846,0.033560,Information Technology,3714115.000,USD,
DISH Network Corporation Class A,DISH,25470M10,2303581,0.033554,Communication Services,2618286.000,USD,
Interpublic Group of Companies Inc.,IPG,46069010,2466321,0.033311,Communication Services,4195177.000,USD,
F5 Networks Inc.,FFIV,31561610,2427599,0.033089,Information Technology,650220.000,USD,
ABIOMED Inc.,ABMD,00365410,2003698,0.032526,Health Care,488283.000,USD,
Alaska Air Group Inc.,ALK,01165910,2012605,0.032484,Industrials,1338591.000,USD,
National Oilwell Varco Inc.,NOV,63707110,2624486,0.032280,Energy,4153014.000,USD,
Mohawk Industries Inc.,MHK,60819010,2598699,0.032275,Consumer Discretionary,651485.000,USD,
TechnipFMC Plc,FTI,G8711010,BDSFG98,0.032042,Energy,4569372.000,USD,
Viacom Inc. Class B,VIAB,92553P20,B0SRLF4,0.031833,Communication Services,3833283.000,USD,
Assurant Inc.,AIZ,04621X10,2331430,0.031553,Financials,668356.000,USD,
HollyFrontier Corporation,HFC,43610610,B5VX1H6,0.031353,Energy,1647094.000,USD,
Apartment Investment and Management Company Class A,AIV,03748R75,BJLNBG3,0.030893,Real Estate,1618090.000,USD,
Campbell Soup Company,CPB,13442910,2162845,0.030673,Consumer Staples,1835010.000,USD,
Franklin Resources Inc.,BEN,35461310,2350684,0.029840,Financials,3068515.000,USD,
Kohl's Corporation,KSS,50025510,2496113,0.029093,Consumer Discretionary,1731229.000,USD,
Tapestry Inc.,TPR,87603010,BF09HX3,0.028883,Consumer Discretionary,3140611.000,USD,
Newell Brands Inc,NWL,65122910,2635701,0.028790,Consumer Discretionary,4204017.000,USD,
Xerox Holdings Corporation,XRX,98421M10,BJJD5G3,0.028585,Information Technology,2070311.000,USD,
PVH Corp.,PVH,69365610,B3V9F12,0.028449,Consumer Discretionary,820493.000,USD,
Pentair plc,PNR,G7S00T10,BLS09M3,0.028295,Industrials,1828571.000,USD,
FLIR Systems Inc.,FLIR,30244510,2344717,0.027638,Information Technology,1458490.000,USD,
Albemarle Corporation,ALB,01265310,2046853,0.026974,Materials,1160535.000,USD,
Nielsen Holdings Plc,NLSN,G6518L10,BWFY550,0.026701,Industrials,3811524.000,USD,
Robert Half International Inc.,RHI,77032310,2110703,0.026464,Industrials,1278787.000,USD,
SL Green Realty Corp.,SLG,78440X10,2096847,0.026382,Real Estate,896749.000,USD,
Cabot Oil & Gas Corporation,COG,12709710,2162340,0.026303,Energy,4592229.000,USD,
Leggett & Platt Incorporated,LEG,52466010,2510682,0.026106,Consumer Discretionary,1406263.000,USD,
A. O. Smith Corporation,AOS,83186520,2816023,0.026023,Industrials,1505084.000,USD,
Perrigo Co. Plc,PRGO,G9782210,BGH1M56,0.025692,Health Care,1480410.000,USD,
Invesco Ltd.,IVZ,G491BT10,B28XP76,0.025530,Financials,4190886.000,USD,
DaVita Inc.,DVA,23918K10,2898087,0.025373,Health Care,986265.000,USD,
People's United Financial Inc.,PBCT,71270410,B1W41J2,0.024824,Financials,4288568.000,USD,
Mosaic Company,MOS,61945C10,B3NPHP6,0.024376,Materials,3790510.000,USD,
Unum Group,UNM,91529Y10,2433842,0.024267,Financials,2269687.000,USD,
Flowserve Corporation,FLS,34354P10,2288406,0.024047,Industrials,1391080.000,USD,
Quanta Services Inc.,PWR,74762E10,2150204,0.023425,Industrials,1573007.000,USD,
Sealed Air Corporation,SEE,81211K10,2232793,0.022492,Materials,1697878.000,USD,
Harley-Davidson Inc.,HOG,41282210,2411053,0.022031,Consumer Discretionary,1725859.000,USD,
Fox Corporation Class B,FOX,35137L20,BJJMGY5,0.021574,Communication Services,1738147.000,USD,
Ralph Lauren Corporation Class A,RL,75121210,B4V9661,0.021005,Consumer Discretionary,567546.000,USD,
Hanesbrands Inc.,HBI,41034510,B1BJSL9,0.020768,Consumer Discretionary,3940164.000,USD,
Capri Holdings Limited,CPRI,G1890L10,BJ1N1M9,0.020387,Consumer Discretionary,1653482.000,USD,
U.S. Dollar,CASH_USD,CASH_USD,Unassigned,0.020288,Unassigned,56849664.000,USD,
Discovery Inc. Class A,DISCA,25470F10,B3D7K31,0.019624,Communication Services,1710958.000,USD,
Rollins Inc.,ROL,77571110,2747305,0.019551,Industrials,1531578.000,USD,
IPG Photonics Corporation,IPGP,44980X10,2698782,0.019031,Information Technology,384955.000,USD,
H&R Block Inc.,HRB,09367110,2105505,0.018912,Consumer Discretionary,2177260.000,USD,
News Corporation Class A,NWSA,65249B10,BBGVT40,0.018272,Communication Services,4073281.000,USD,
Cimarex Energy Co.,XEC,17179810,2987521,0.018260,Energy,1097291.000,USD,
Macy's Inc,M,55616P10,2345022,0.017528,Consumer Discretionary,3348112.000,USD,
Affiliated Managers Group Inc.,AMG,00825210,2127899,0.016652,Financials,555295.000,USD,
Helmerich & Payne Inc.,HP,42345210,2420101,0.016623,Energy,1197722.000,USD,
Alliance Data Systems Corporation,ADS,01858110,2762030,0.016116,Information Technology,445792.000,USD,
L Brands Inc.,LB,50179710,B9M2WX3,0.014947,Consumer Discretionary,2439353.000,USD,
Nordstrom Inc.,JWN,65566410,2641827,0.014003,Consumer Discretionary,1143279.000,USD,
Coty Inc. Class A,COTY,22207020,BBBSMJ2,0.013820,Consumer Staples,3268011.000,USD,
Gap Inc.,GPS,36476010,2360326,0.013556,Consumer Discretionary,2341854.000,USD,
Under Armour Inc. Class A,UAA,90431110,B0PZN11,0.011981,Consumer Discretionary,1976086.000,USD,
Under Armour Inc. Class C,UA,90431120,BDF9YM2,0.011451,Consumer Discretionary,2105512.000,USD,
TripAdvisor Inc.,TRIP,89694520,B6ZC3N6,0.010943,Communication Services,1092841.000,USD,
Macerich Company,MAC,55438210,2543967,0.010603,Real Estate,1145364.000,USD,
News Corporation Class B,NWS,65249B20,BBGVT51,0.006176,Communication Services,1341554.000,USD,
Bristol Myers Squibb Co Contingent Value Rights 2019-,BMY.RT,11012215,BKM7ZR0,0.006172,Health Care,7686931.000,USD,
"This analysis or any portion thereof may not be revised or changed in any way, reprinted, sold or redistributed without the written consent of SSGA.",,,,,,,,
"Portfolio holdings, allocations and weightings are as of the date indicated, are subject to change and should not be considered a recommendation to buy individual securities. For most recent information visit www.spdrs.com.",,,,,,,,
Important Risk Information,,,,,,,,
"ETFs trade like stocks, are subject to investment risk, fluctuate in market value and may trade at prices above or below the ETFs net asset value. Brokerage commissions and ETF expenses will reduce returns.",,,,,,,,
"Intellectual Property Information: Standard & Poor's®, S&P® and SPDR® are registered trademarks of Standard & Poor’s Financial Services LLC (S&P); Dow Jones is a registered trademark of Dow Jones Trademark Holdings LLC (Dow Jones); and these trademarks have been licensed for use by S&P Dow Jones Indices LLC (SPDJI) and sublicensed for certain purposes by State Street Corporation. State Street Corporation’s financial products are not sponsored, endorsed, sold or promoted by SPDJI, Dow Jones, S&P, their respective affiliates and third party licensors and none of such parties make any representation regarding the advisability of investing in such product(s) nor do they have any liability in relation thereto, including for any errors, omissions, or interruptions of any index.",,,,,,,,
" 
Distributor: State Street Global Advisors Funds Distributors, LLC, member FINRA, SIPC, an indirect wholly owned subsidiary of State Street Corporation. References to State Street may include State Street Corporation and its affiliates. Certain State Street affiliates provide services and receive fees from the SPDR ETFs. ALPS Distributors, Inc., member FINRA, is the distributor for DIA, MDY and SPY, all unit investment trusts. ALPS Portfolio Solutions Distributor, Inc., member FINRA, is the distributor for Select Sector SPDRs. ALPS Distributors, Inc. and ALPS Portfolio Solutions Distributor, Inc. are not affiliated with State Street Global Advisors Funds Distributors, LLC.",,,,,,,,
"Before investing, consider the funds' investment objectives, risks, charges and expenses. To obtain a prospectus which contains this and other information, call 1-866-787-2257 or visit www.spdrs.com. Read it carefully.",,,,,,,,
                                                                         Not FDIC Insured • No Bank Guarantee • May Lose Value,,,,,,,,
2529657.1.1.AM.RTL,,,,,,,,
SPD001889,,,,,,,,